[
    {
        "id": "1",
        "name": "Technic"
    },
    {
        "id": "3",
        "name": "Competition"
    },
    {
        "id": "4",
        "name": "Expert Builder"
    },
    {
        "id": "16",
        "name": "RoboRiders"
    },
    {
        "id": "17",
        "name": "Speed Slammers"
    },
    {
        "id": "18",
        "name": "Star Wars"
    },
    {
        "id": "19",
        "name": "Supplemental"
    },
    {
        "id": "20",
        "name": "Throwbot Slizer"
    },
    {
        "id": "21",
        "name": "Universal Building Set"
    },
    {
        "id": "22",
        "name": "Creator"
    },
    {
        "id": "23",
        "name": "Basic Model"
    },
    {
        "id": "34",
        "name": "Make & Create"
    },
    {
        "id": "35",
        "name": "Bricks & More"
    },
    {
        "id": "50",
        "name": "Town"
    },
    {
        "id": "51",
        "name": "Arctic"
    },
    {
        "id": "52",
        "name": "City"
    },
    {
        "id": "53",
        "name": "Airport"
    },
    {
        "id": "54",
        "name": "Cargo"
    },
    {
        "id": "55",
        "name": "Coast Guard"
    },
    {
        "id": "56",
        "name": "Construction"
    },
    {
        "id": "57",
        "name": "Farm"
    },
    {
        "id": "58",
        "name": "Fire"
    },
    {
        "id": "59",
        "name": "Harbor"
    },
    {
        "id": "60",
        "name": "Hospital"
    },
    {
        "id": "61",
        "name": "Police"
    },
    {
        "id": "63",
        "name": "Traffic"
    },
    {
        "id": "64",
        "name": "Off-Road"
    },
    {
        "id": "65",
        "name": "Arctic"
    },
    {
        "id": "66",
        "name": "Trains"
    },
    {
        "id": "67",
        "name": "Classic Town"
    },
    {
        "id": "86",
        "name": "Divers"
    },
    {
        "id": "87",
        "name": "Extreme Team"
    },
    {
        "id": "88",
        "name": "Launch Command"
    },
    {
        "id": "89",
        "name": "Outback"
    },
    {
        "id": "90",
        "name": "Paradisa"
    },
    {
        "id": "91",
        "name": "Race"
    },
    {
        "id": "92",
        "name": "Res-Q"
    },
    {
        "id": "93",
        "name": "Space Port"
    },
    {
        "id": "94",
        "name": "Town Jr."
    },
    {
        "id": "104",
        "name": "Town Plan"
    },
    {
        "id": "105",
        "name": "World City"
    },
    {
        "id": "106",
        "name": "City Center"
    },
    {
        "id": "112",
        "name": "Racers"
    },
    {
        "id": "114",
        "name": "Ferrari"
    },
    {
        "id": "118",
        "name": "Speed Racer"
    },
    {
        "id": "122",
        "name": "Williams F1"
    },
    {
        "id": "123",
        "name": "World Racers"
    },
    {
        "id": "126",
        "name": "Space"
    },
    {
        "id": "127",
        "name": "Alien Conquest"
    },
    {
        "id": "128",
        "name": "Blacktron I"
    },
    {
        "id": "129",
        "name": "Blacktron II"
    },
    {
        "id": "130",
        "name": "Classic Space"
    },
    {
        "id": "131",
        "name": "Exploriens"
    },
    {
        "id": "132",
        "name": "Futuron"
    },
    {
        "id": "133",
        "name": "Ice Planet 2002"
    },
    {
        "id": "134",
        "name": "Insectoids"
    },
    {
        "id": "135",
        "name": "Life On Mars"
    },
    {
        "id": "136",
        "name": "M:Tron"
    },
    {
        "id": "137",
        "name": "Mars Mission"
    },
    {
        "id": "138",
        "name": "RoboForce"
    },
    {
        "id": "139",
        "name": "Space Police I"
    },
    {
        "id": "140",
        "name": "Space Police II"
    },
    {
        "id": "141",
        "name": "Space Police III"
    },
    {
        "id": "142",
        "name": "Spyrius"
    },
    {
        "id": "143",
        "name": "Supplemental"
    },
    {
        "id": "144",
        "name": "UFO"
    },
    {
        "id": "145",
        "name": "Unitron"
    },
    {
        "id": "146",
        "name": "Galaxy Squad"
    },
    {
        "id": "147",
        "name": "Pirates"
    },
    {
        "id": "148",
        "name": "Pirates I"
    },
    {
        "id": "153",
        "name": "Pirates II"
    },
    {
        "id": "154",
        "name": "Pirates III"
    },
    {
        "id": "155",
        "name": "Modular Buildings"
    },
    {
        "id": "156",
        "name": "Mini"
    },
    {
        "id": "157",
        "name": "Bricktober"
    },
    {
        "id": "158",
        "name": "Star Wars"
    },
    {
        "id": "171",
        "name": "Ultimate Collector Series"
    },
    {
        "id": "186",
        "name": "Castle"
    },
    {
        "id": "187",
        "name": "Black Falcons"
    },
    {
        "id": "188",
        "name": "Black Knights"
    },
    {
        "id": "189",
        "name": "Classic Castle"
    },
    {
        "id": "190",
        "name": "Dragon Knights"
    },
    {
        "id": "191",
        "name": "Dark Forest"
    },
    {
        "id": "193",
        "name": "Fantasy Era"
    },
    {
        "id": "194",
        "name": "Forestmen"
    },
    {
        "id": "195",
        "name": "Fright Knights"
    },
    {
        "id": "196",
        "name": "Kingdoms"
    },
    {
        "id": "197",
        "name": "Knights Kingdom I"
    },
    {
        "id": "198",
        "name": "Knights Kingdom II"
    },
    {
        "id": "199",
        "name": "Lion Knights"
    },
    {
        "id": "201",
        "name": "Royal Knights"
    },
    {
        "id": "203",
        "name": "Wolfpack"
    },
    {
        "id": "204",
        "name": "Designer Sets"
    },
    {
        "id": "206",
        "name": "Seasonal"
    },
    {
        "id": "207",
        "name": "Advent"
    },
    {
        "id": "208",
        "name": "City"
    },
    {
        "id": "209",
        "name": "Star Wars"
    },
    {
        "id": "210",
        "name": "Belville"
    },
    {
        "id": "211",
        "name": "Castle"
    },
    {
        "id": "212",
        "name": "Classic Basic"
    },
    {
        "id": "213",
        "name": "Clikits"
    },
    {
        "id": "214",
        "name": "Creator"
    },
    {
        "id": "215",
        "name": "Pirates"
    },
    {
        "id": "216",
        "name": "Friends"
    },
    {
        "id": "227",
        "name": "Christmas"
    },
    {
        "id": "228",
        "name": "Creator"
    },
    {
        "id": "229",
        "name": "Easter"
    },
    {
        "id": "230",
        "name": "Halloween"
    },
    {
        "id": "231",
        "name": "Thanksgiving"
    },
    {
        "id": "232",
        "name": "Valentine"
    },
    {
        "id": "233",
        "name": "Train"
    },
    {
        "id": "234",
        "name": "12V"
    },
    {
        "id": "235",
        "name": "4.5V"
    },
    {
        "id": "236",
        "name": "9V"
    },
    {
        "id": "240",
        "name": "RC Train"
    },
    {
        "id": "241",
        "name": "Supplemental"
    },
    {
        "id": "246",
        "name": "Harry Potter"
    },
    {
        "id": "252",
        "name": "Architecture"
    },
    {
        "id": "253",
        "name": "Skylines"
    },
    {
        "id": "254",
        "name": "Bulk Bricks"
    },
    {
        "id": "255",
        "name": "Castle"
    },
    {
        "id": "256",
        "name": "Technic"
    },
    {
        "id": "257",
        "name": "Train"
    },
    {
        "id": "258",
        "name": "Mindstorms"
    },
    {
        "id": "259",
        "name": "NXT"
    },
    {
        "id": "260",
        "name": "RCX"
    },
    {
        "id": "261",
        "name": "Star Wars"
    },
    {
        "id": "262",
        "name": "EV3"
    },
    {
        "id": "263",
        "name": "Pirates of the Caribbean"
    },
    {
        "id": "264",
        "name": "Indiana Jones"
    },
    {
        "id": "269",
        "name": "Cars"
    },
    {
        "id": "270",
        "name": "Ben 10"
    },
    {
        "id": "271",
        "name": "Prince of Persia"
    },
    {
        "id": "272",
        "name": "SpongeBob SquarePants"
    },
    {
        "id": "273",
        "name": "Studios"
    },
    {
        "id": "274",
        "name": "Jurassic Park III"
    },
    {
        "id": "275",
        "name": "Toy Story"
    },
    {
        "id": "276",
        "name": "Sculptures"
    },
    {
        "id": "277",
        "name": "Mosaic"
    },
    {
        "id": "278",
        "name": "Model Team"
    },
    {
        "id": "279",
        "name": "4 Juniors"
    },
    {
        "id": "280",
        "name": "Jack Stone"
    },
    {
        "id": "287",
        "name": "Spider-Man"
    },
    {
        "id": "296",
        "name": "Adventurers"
    },
    {
        "id": "297",
        "name": "Desert"
    },
    {
        "id": "298",
        "name": "Dino Island"
    },
    {
        "id": "299",
        "name": "Jungle"
    },
    {
        "id": "300",
        "name": "Orient Expedition"
    },
    {
        "id": "301",
        "name": "Other"
    },
    {
        "id": "302",
        "name": "Agents"
    },
    {
        "id": "303",
        "name": "Ultra Agents"
    },
    {
        "id": "304",
        "name": "Alpha Team"
    },
    {
        "id": "305",
        "name": "Mission Deep Sea"
    },
    {
        "id": "306",
        "name": "Mission Deep Freeze"
    },
    {
        "id": "307",
        "name": "Aquazone"
    },
    {
        "id": "308",
        "name": "Aquanauts"
    },
    {
        "id": "309",
        "name": "Aquaraiders I"
    },
    {
        "id": "310",
        "name": "Aquaraiders II"
    },
    {
        "id": "311",
        "name": "Aquasharks"
    },
    {
        "id": "312",
        "name": "Hydronauts"
    },
    {
        "id": "313",
        "name": "Stingrays"
    },
    {
        "id": "315",
        "name": "Atlantis"
    },
    {
        "id": "317",
        "name": "Avatar: The Last Airbender"
    },
    {
        "id": "318",
        "name": "Belville"
    },
    {
        "id": "324",
        "name": "Bionicle"
    },
    {
        "id": "341",
        "name": "Playsets"
    },
    {
        "id": "360",
        "name": "Protectors"
    },
    {
        "id": "363",
        "name": "Boat"
    },
    {
        "id": "364",
        "name": "Building Set with People"
    },
    {
        "id": "365",
        "name": "System"
    },
    {
        "id": "366",
        "name": "Basic Set"
    },
    {
        "id": "367",
        "name": "Building"
    },
    {
        "id": "368",
        "name": "HO 1:87 Vehicles"
    },
    {
        "id": "369",
        "name": "Jumbo Bricks"
    },
    {
        "id": "371",
        "name": "Supplemental"
    },
    {
        "id": "372",
        "name": "Town Plan"
    },
    {
        "id": "373",
        "name": "Vehicle"
    },
    {
        "id": "384",
        "name": "Dino 2010"
    },
    {
        "id": "385",
        "name": "Dino Attack"
    },
    {
        "id": "386",
        "name": "Dinosaurs"
    },
    {
        "id": "387",
        "name": "Discovery"
    },
    {
        "id": "388",
        "name": "Disney's Mickey Mouse"
    },
    {
        "id": "389",
        "name": "Exo-Force"
    },
    {
        "id": "390",
        "name": "Fabuland"
    },
    {
        "id": "397",
        "name": "Factory"
    },
    {
        "id": "398",
        "name": "FIRST LEGO League"
    },
    {
        "id": "399",
        "name": "Freestyle"
    },
    {
        "id": "400",
        "name": "Hero Factory"
    },
    {
        "id": "401",
        "name": "Heroes"
    },
    {
        "id": "403",
        "name": "Villains"
    },
    {
        "id": "404",
        "name": "Hobby Sets"
    },
    {
        "id": "405",
        "name": "Homemaker"
    },
    {
        "id": "406",
        "name": "Inventor"
    },
    {
        "id": "407",
        "name": "Island Xtreme Stunts"
    },
    {
        "id": "408",
        "name": "LEGO Brand Store"
    },
    {
        "id": "409",
        "name": "Monthly Mini Model Build"
    },
    {
        "id": "410",
        "name": "Pick A Model"
    },
    {
        "id": "411",
        "name": "Legoland"
    },
    {
        "id": "412",
        "name": "Airport"
    },
    {
        "id": "413",
        "name": "Building"
    },
    {
        "id": "414",
        "name": "Castle"
    },
    {
        "id": "415",
        "name": "Coast Guard"
    },
    {
        "id": "416",
        "name": "Construction"
    },
    {
        "id": "417",
        "name": "Fire"
    },
    {
        "id": "418",
        "name": "Gas Station"
    },
    {
        "id": "419",
        "name": "Harbor"
    },
    {
        "id": "420",
        "name": "Hospital"
    },
    {
        "id": "421",
        "name": "Police"
    },
    {
        "id": "422",
        "name": "Space"
    },
    {
        "id": "423",
        "name": "Vehicle"
    },
    {
        "id": "424",
        "name": "Western"
    },
    {
        "id": "425",
        "name": "Legoland Parks"
    },
    {
        "id": "432",
        "name": "Master Builder Academy"
    },
    {
        "id": "433",
        "name": "Minitalia"
    },
    {
        "id": "434",
        "name": "Ninja"
    },
    {
        "id": "435",
        "name": "Ninjago"
    },
    {
        "id": "437",
        "name": "Pharaoh's Quest"
    },
    {
        "id": "438",
        "name": "Power Functions"
    },
    {
        "id": "439",
        "name": "Power Miners"
    },
    {
        "id": "440",
        "name": "Primo"
    },
    {
        "id": "441",
        "name": "Quatro"
    },
    {
        "id": "442",
        "name": "Rock Raiders"
    },
    {
        "id": "443",
        "name": "Service Packs"
    },
    {
        "id": "448",
        "name": "Fabuland"
    },
    {
        "id": "453",
        "name": "Technic"
    },
    {
        "id": "456",
        "name": "Train"
    },
    {
        "id": "458",
        "name": "Sports"
    },
    {
        "id": "459",
        "name": "Basketball"
    },
    {
        "id": "460",
        "name": "Gravity Games"
    },
    {
        "id": "461",
        "name": "Hockey"
    },
    {
        "id": "462",
        "name": "Soccer"
    },
    {
        "id": "463",
        "name": "Spybotics"
    },
    {
        "id": "464",
        "name": "Time Cruisers"
    },
    {
        "id": "465",
        "name": "Universal Building Set"
    },
    {
        "id": "467",
        "name": "Basic"
    },
    {
        "id": "469",
        "name": "Basic Set"
    },
    {
        "id": "470",
        "name": "Classic Basic"
    },
    {
        "id": "471",
        "name": "Ferries"
    },
    {
        "id": "472",
        "name": "Gears"
    },
    {
        "id": "473",
        "name": "Supplemental"
    },
    {
        "id": "474",
        "name": "Vikings"
    },
    {
        "id": "475",
        "name": "Western"
    },
    {
        "id": "478",
        "name": "X-Pod"
    },
    {
        "id": "480",
        "name": "Znap"
    },
    {
        "id": "481",
        "name": "Dino"
    },
    {
        "id": "494",
        "name": "Friends"
    },
    {
        "id": "497",
        "name": "Books"
    },
    {
        "id": "498",
        "name": "Technic"
    },
    {
        "id": "500",
        "name": "Clikits"
    },
    {
        "id": "501",
        "name": "Gear"
    },
    {
        "id": "502",
        "name": "Games"
    },
    {
        "id": "503",
        "name": "Key Chain"
    },
    {
        "id": "504",
        "name": "Duplo"
    },
    {
        "id": "505",
        "name": "Basic Set"
    },
    {
        "id": "506",
        "name": "Cars"
    },
    {
        "id": "507",
        "name": "Educational and Dacta"
    },
    {
        "id": "509",
        "name": "Adventurers"
    },
    {
        "id": "510",
        "name": "Boat"
    },
    {
        "id": "511",
        "name": "Building Set with People"
    },
    {
        "id": "512",
        "name": "Castle"
    },
    {
        "id": "513",
        "name": "Classic"
    },
    {
        "id": "514",
        "name": "Creator"
    },
    {
        "id": "515",
        "name": "Dinosaurs"
    },
    {
        "id": "516",
        "name": "Duplo and Explore"
    },
    {
        "id": "517",
        "name": "Learning"
    },
    {
        "id": "518",
        "name": "Mindstorms"
    },
    {
        "id": "519",
        "name": "NXT"
    },
    {
        "id": "520",
        "name": "RCX"
    },
    {
        "id": "521",
        "name": "WeDo"
    },
    {
        "id": "523",
        "name": "Samsonite"
    },
    {
        "id": "524",
        "name": "Service Packs"
    },
    {
        "id": "525",
        "name": "Technic"
    },
    {
        "id": "526",
        "name": "Soft Bricks"
    },
    {
        "id": "527",
        "name": "Space"
    },
    {
        "id": "528",
        "name": "Supplemental"
    },
    {
        "id": "529",
        "name": "Technic"
    },
    {
        "id": "530",
        "name": "Control Lab"
    },
    {
        "id": "531",
        "name": "eLAB"
    },
    {
        "id": "532",
        "name": "Supplemental"
    },
    {
        "id": "533",
        "name": "Town"
    },
    {
        "id": "534",
        "name": "Universal Building Set"
    },
    {
        "id": "535",
        "name": "Collectible Minifigures"
    },
    {
        "id": "536",
        "name": "Series 1 Minifigures"
    },
    {
        "id": "537",
        "name": "Series 2 Minifigures"
    },
    {
        "id": "538",
        "name": "Series 3 Minifigures"
    },
    {
        "id": "539",
        "name": "Series 4 Minifigures"
    },
    {
        "id": "540",
        "name": "Series 5 Minifigures"
    },
    {
        "id": "541",
        "name": "Series 6 Minifigures"
    },
    {
        "id": "542",
        "name": "Series 7 Minifigures"
    },
    {
        "id": "543",
        "name": "Series 8 Minifigures"
    },
    {
        "id": "544",
        "name": "Series 9 Minifigures"
    },
    {
        "id": "545",
        "name": "Series 10 Minifigures"
    },
    {
        "id": "546",
        "name": "Team GB"
    },
    {
        "id": "547",
        "name": "Series 11 Minifigures"
    },
    {
        "id": "548",
        "name": "Series 12 Minifigures"
    },
    {
        "id": "549",
        "name": "The LEGO Movie"
    },
    {
        "id": "550",
        "name": "The Simpsons Series 1"
    },
    {
        "id": "551",
        "name": "Series 13 Minifigures"
    },
    {
        "id": "552",
        "name": "Series 14 Minifigures"
    },
    {
        "id": "553",
        "name": "The Simpsons Series 2"
    },
    {
        "id": "554",
        "name": "Series 15 Minifigures"
    },
    {
        "id": "555",
        "name": "Disney Series 1"
    },
    {
        "id": "556",
        "name": "Series 16 Minifigures"
    },
    {
        "id": "557",
        "name": "DFB Minifigures"
    },
    {
        "id": "558",
        "name": "Monster Fighters"
    },
    {
        "id": "559",
        "name": "Value Packs"
    },
    {
        "id": "560",
        "name": "Universe"
    },
    {
        "id": "561",
        "name": "The Hobbit and Lord of the Rings"
    },
    {
        "id": "562",
        "name": "The Hobbit"
    },
    {
        "id": "566",
        "name": "The Lord of the Rings"
    },
    {
        "id": "570",
        "name": "Teenage Mutant Ninja Turtles"
    },
    {
        "id": "571",
        "name": "Legends of Chima"
    },
    {
        "id": "572",
        "name": "Speedorz"
    },
    {
        "id": "573",
        "name": "Constraction"
    },
    {
        "id": "575",
        "name": "The Lone Ranger"
    },
    {
        "id": "576",
        "name": "LEGO Ideas and CUUSOO"
    },
    {
        "id": "577",
        "name": "Minecraft"
    },
    {
        "id": "578",
        "name": "The LEGO Movie"
    },
    {
        "id": "579",
        "name": "Disney Princess"
    },
    {
        "id": "580",
        "name": "Mixels"
    },
    {
        "id": "590",
        "name": "Fusion"
    },
    {
        "id": "591",
        "name": "Juniors"
    },
    {
        "id": "592",
        "name": "DC Comics Super Heroes"
    },
    {
        "id": "593",
        "name": "Disney Princess"
    },
    {
        "id": "595",
        "name": "Friends"
    },
    {
        "id": "596",
        "name": "Marvel Super Heroes"
    },
    {
        "id": "597",
        "name": "Ninjago"
    },
    {
        "id": "598",
        "name": "Promotional"
    },
    {
        "id": "599",
        "name": "LEGO Exclusive"
    },
    {
        "id": "600",
        "name": "Elves"
    },
    {
        "id": "601",
        "name": "Speed Champions"
    },
    {
        "id": "602",
        "name": "Jurassic World"
    },
    {
        "id": "603",
        "name": "Scooby-Doo"
    },
    {
        "id": "604",
        "name": "Dimensions"
    },
    {
        "id": "605",
        "name": "Nexo Knights"
    },
    {
        "id": "606",
        "name": "Angry Birds"
    },
    {
        "id": "607",
        "name": "Ghostbusters"
    },
    {
        "id": "608",
        "name": "Disney"
    },
    {
        "id": "609",
        "name": "The LEGO Batman Movie Series 1"
    },
    {
        "id": "610",
        "name": "Brickheadz"
    },
    {
        "id": "611",
        "name": "Series 17 Minifigures"
    },
    {
        "id": "614",
        "name": "Jungle"
    },
    {
        "id": "615",
        "name": "Cars"
    },
    {
        "id": "616",
        "name": "The LEGO Ninjago Movie"
    },
    {
        "id": "617",
        "name": "DC Super Hero Girls"
    },
    {
        "id": "618",
        "name": "The LEGO Ninjago Movie"
    },
    {
        "id": "619",
        "name": "Cities of Wonders"
    },
    {
        "id": "620",
        "name": "Jurassic World: Fallen Kingdom"
    },
    {
        "id": "621",
        "name": "Classic"
    },
    {
        "id": "622",
        "name": "Series 18 Minifigures"
    },
    {
        "id": "625",
        "name": "Unikitty!"
    },
    {
        "id": "626",
        "name": "Bob the Builder"
    },
    {
        "id": "627",
        "name": "Disney Planes"
    },
    {
        "id": "628",
        "name": "Dora the Explorer"
    },
    {
        "id": "629",
        "name": "Miles From Tomorrowland"
    },
    {
        "id": "630",
        "name": "Spiderman"
    },
    {
        "id": "631",
        "name": "Thomas & Friends"
    },
    {
        "id": "632",
        "name": "Town"
    },
    {
        "id": "633",
        "name": "Toy Story"
    },
    {
        "id": "634",
        "name": "Trains"
    },
    {
        "id": "635",
        "name": "Winnie the Pooh"
    },
    {
        "id": "636",
        "name": "My Town"
    },
    {
        "id": "638",
        "name": "Jake and the Never Land Pirates"
    },
    {
        "id": "639",
        "name": "Sofia the First"
    },
    {
        "id": "640",
        "name": "Disney Princess"
    },
    {
        "id": "641",
        "name": "Disney's Mickey Mouse"
    },
    {
        "id": "646",
        "name": "Xtra"
    },
    {
        "id": "647",
        "name": "Castle"
    },
    {
        "id": "648",
        "name": "Doc McStuffins"
    },
    {
        "id": "650",
        "name": "Legoville"
    },
    {
        "id": "651",
        "name": "Pirates"
    },
    {
        "id": "652",
        "name": "Playhouse"
    },
    {
        "id": "653",
        "name": "DC Comics"
    },
    {
        "id": "654",
        "name": "The Powerpuff Girls"
    },
    {
        "id": "655",
        "name": "Powered Up"
    },
    {
        "id": "656",
        "name": "Harry Potter and Fantastic Beasts Series 1"
    },
    {
        "id": "657",
        "name": "Action Wheelers"
    },
    {
        "id": "658",
        "name": "Dino"
    },
    {
        "id": "659",
        "name": "Dolls"
    },
    {
        "id": "660",
        "name": "Little Forest Friends"
    },
    {
        "id": "661",
        "name": "Little Robots"
    },
    {
        "id": "662",
        "name": "Princess Castle"
    },
    {
        "id": "663",
        "name": "Rattles"
    },
    {
        "id": "664",
        "name": "Toolo"
    },
    {
        "id": "665",
        "name": "Western"
    },
    {
        "id": "666",
        "name": "Zooters"
    },
    {
        "id": "667",
        "name": "Fantastic Beasts"
    },
    {
        "id": "668",
        "name": "Scala"
    },
    {
        "id": "669",
        "name": "Overwatch"
    },
    {
        "id": "670",
        "name": "The LEGO Movie II"
    },
    {
        "id": "671",
        "name": "Forma"
    },
    {
        "id": "672",
        "name": "Creator 3-in-1"
    },
    {
        "id": "673",
        "name": "Creator Expert"
    },
    {
        "id": "674",
        "name": "Early Creator"
    },
    {
        "id": "675",
        "name": "The LEGO Movie II"
    },
    {
        "id": "676",
        "name": "Hidden Side"
    },
    {
        "id": "677",
        "name": "Disney Series 2"
    },
    {
        "id": "679",
        "name": "Mars Exploration"
    },
    {
        "id": "680",
        "name": "Stranger Things"
    },
    {
        "id": "681",
        "name": "Series 19 Minifigures"
    },
    {
        "id": "682",
        "name": "Trolls: World Tour"
    },
    {
        "id": "683",
        "name": "LEGO Originals"
    },
    {
        "id": "684",
        "name": "DC Super Heroes"
    },
    {
        "id": "685",
        "name": "Galidor"
    },
    {
        "id": "686",
        "name": "Chinese Traditional Festivals"
    },
    {
        "id": "687",
        "name": "Frozen"
    },
    {
        "id": "688",
        "name": "DOTS"
    },
    {
        "id": "689",
        "name": "Minions"
    },
    {
        "id": "690",
        "name": "Super Mario"
    },
    {
        "id": "691",
        "name": "Harry Potter and Fantastic Beasts Series 2"
    },
    {
        "id": "692",
        "name": "Series 20 Minifigures"
    },
    {
        "id": "693",
        "name": "Monkie Kid"
    },
    {
        "id": "694",
        "name": "Brick Sketches"
    },
    {
        "id": "695",
        "name": "Super Heroes DC"
    },
    {
        "id": "696",
        "name": "Super Heroes Marvel"
    },
    {
        "id": "697",
        "name": "Batman"
    },
    {
        "id": "698",
        "name": "UCS"
    },
    {
        "id": "699",
        "name": "Constraction"
    },
    {
        "id": "700",
        "name": "Justice League"
    },
    {
        "id": "701",
        "name": "Superman"
    },
    {
        "id": "702",
        "name": "Avengers"
    },
    {
        "id": "703",
        "name": "Constraction"
    },
    {
        "id": "704",
        "name": "Guardians of the Galaxy"
    },
    {
        "id": "705",
        "name": "Iron Man"
    },
    {
        "id": "706",
        "name": "Spider-Man"
    },
    {
        "id": "707",
        "name": "X-Men"
    },
    {
        "id": "708",
        "name": "The LEGO Batman Movie"
    },
    {
        "id": "709",
        "name": "LEGO Art"
    },
    {
        "id": "710",
        "name": "Harry Potter"
    },
    {
        "id": "711",
        "name": "The LEGO Batman Movie Series 2"
    },
    {
        "id": "712",
        "name": "Series 21 Minifigures"
    },
    {
        "id": "713",
        "name": "VIDIYO"
    },
    {
        "id": "714",
        "name": "Looney Tunes"
    },
    {
        "id": "715",
        "name": "Marvel Series 1"
    },
    {
        "id": "716",
        "name": "Modulex"
    },
    {
        "id": "717",
        "name": "Speed Racer"
    },
    {
        "id": "718",
        "name": "Series 22 Minifigures"
    },
    {
        "id": "719",
        "name": "BrickLink Designer Program"
    },
    {
        "id": "720",
        "name": "The Muppets"
    },
    {
        "id": "721",
        "name": "Icons"
    },
    {
        "id": "722",
        "name": "Jurassic World"
    },
    {
        "id": "724",
        "name": "Avatar"
    },
    {
        "id": "725",
        "name": "Series 23 Minifigures"
    },
    {
        "id": "728",
        "name": "McDonalds"
    },
    {
        "id": "729",
        "name": "Airlines"
    },
    {
        "id": "730",
        "name": "Audio and Visual Media"
    },
    {
        "id": "731",
        "name": "Bag and Luggage Tags"
    },
    {
        "id": "732",
        "name": "Clocks and Watches"
    },
    {
        "id": "733",
        "name": "Houseware"
    },
    {
        "id": "734",
        "name": "Magnets"
    },
    {
        "id": "735",
        "name": "Plush Toys"
    },
    {
        "id": "736",
        "name": "Posters and Art Prints"
    },
    {
        "id": "737",
        "name": "Role Play Toys and Costumes"
    },
    {
        "id": "738",
        "name": "Seasonal"
    },
    {
        "id": "739",
        "name": "Stationery and Office Supplies"
    },
    {
        "id": "740",
        "name": "Storage"
    },
    {
        "id": "741",
        "name": "Tabletop Games and Puzzles"
    },
    {
        "id": "742",
        "name": "Video Games and Accessories"
    },
    {
        "id": "743",
        "name": "Series 24 Minifigures"
    },
    {
        "id": "744",
        "name": "Stuntz"
    },
    {
        "id": "745",
        "name": "Disney 100"
    },
    {
        "id": "746",
        "name": "Database Sets"
    },
    {
        "id": "747",
        "name": "Sonic The Hedgehog"
    },
    {
        "id": "748",
        "name": "Gabby‚Äôs Dollhouse"
    },
    {
        "id": "749",
        "name": "Dreamzzz"
    },
    {
        "id": "750",
        "name": "Marvel Series 2"
    }
  ]